{"-- 2024 -- ":{"service_id":"-- 2024 -- ","monday":"","tuesday":"","wednesday":"","thursday":"","friday":"","saturday":"","sunday":"","start_date":"","end_date":""},"Daily":{"service_id":"Daily","monday":1,"tuesday":1,"wednesday":1,"thursday":1,"friday":1,"saturday":1,"sunday":1,"start_date":"2023-12-10T00:00:00.000Z","end_date":"2024-12-14T00:00:00.000Z"},"0-2 days/week (May-Oct)":{"service_id":"0-2 days/week (May-Oct)","monday":0,"tuesday":0,"wednesday":0,"thursday":0,"friday":0,"saturday":0,"sunday":0,"start_date":20240518,"end_date":20241019},"2024/03/31-2024/11/03: Mon, Tue, Wed, Thu, Fri, Sun":{"service_id":"2024/03/31-2024/11/03: Mon, Tue, Wed, Thu, Fri, Sun","monday":1,"tuesday":1,"wednesday":1,"thursday":1,"friday":1,"saturday":0,"sunday":1,"start_date":"2024-03-31T00:00:00.000Z","end_date":"2024-11-03T00:00:00.000Z"},"2024: Mon, Tue, Wed, Thu, Fri":{"service_id":"2024: Mon, Tue, Wed, Thu, Fri","monday":1,"tuesday":1,"wednesday":1,"thursday":1,"friday":1,"saturday":0,"sunday":0,"start_date":"2023-12-10T00:00:00.000Z","end_date":"2024-12-14T00:00:00.000Z"},"2024: Mon, Tue, Wed, Thu, Sun":{"service_id":"2024: Mon, Tue, Wed, Thu, Sun","monday":1,"tuesday":1,"wednesday":1,"thursday":1,"friday":0,"saturday":0,"sunday":1,"start_date":"2023-12-10T00:00:00.000Z","end_date":"2024-12-14T00:00:00.000Z"},"2024: Daily except Sat":{"service_id":"2024: Daily except Sat","monday":1,"tuesday":1,"wednesday":1,"thursday":1,"friday":1,"saturday":0,"sunday":1,"start_date":"2023-12-10T00:00:00.000Z","end_date":"2024-12-14T00:00:00.000Z"},"2024: 1-5,7":{"service_id":"2024: 1-5,7","monday":1,"tuesday":1,"wednesday":1,"thursday":1,"friday":1,"saturday":0,"sunday":1,"start_date":"2023-12-10T00:00:00.000Z","end_date":"2024-12-14T00:00:00.000Z"},"Mon, Wed, Fri":{"service_id":"Mon, Wed, Fri","monday":1,"tuesday":0,"wednesday":1,"thursday":0,"friday":1,"saturday":0,"sunday":0,"start_date":"2023-12-10T00:00:00.000Z","end_date":"2024-12-14T00:00:00.000Z"},"2024/07/08-2024/09/22: Mon, Wed, Sat":{"service_id":"2024/07/08-2024/09/22: Mon, Wed, Sat","monday":0,"tuesday":1,"wednesday":0,"thursday":0,"friday":1,"saturday":0,"sunday":1,"start_date":"2024-06-08T00:00:00.000Z","end_date":"2024-09-22T00:00:00.000Z"},"2024: Tue, Thu":{"service_id":"2024: Tue, Thu","monday":0,"tuesday":1,"wednesday":0,"thursday":1,"friday":0,"saturday":0,"sunday":0,"start_date":"2023-12-10T00:00:00.000Z","end_date":"2024-12-14T00:00:00.000Z"},"2024: Tue, Sun":{"service_id":"2024: Tue, Sun","monday":0,"tuesday":1,"wednesday":0,"thursday":0,"friday":0,"saturday":0,"sunday":1,"start_date":"2023-12-10T00:00:00.000Z","end_date":"2024-12-14T00:00:00.000Z"},"Tue, Wed, Fri":{"service_id":"Tue, Wed, Fri","monday":0,"tuesday":1,"wednesday":1,"thursday":0,"friday":1,"saturday":0,"sunday":0,"start_date":"2023-12-10T00:00:00.000Z","end_date":"2024-05-22T00:00:00.000Z"},"Tue, Thu, Sat":{"service_id":"Tue, Thu, Sat","monday":0,"tuesday":1,"wednesday":0,"thursday":1,"friday":0,"saturday":1,"sunday":0,"start_date":"2023-12-10T00:00:00.000Z","end_date":"2024-12-14T00:00:00.000Z"},"Tue, Thu, Sun":{"service_id":"Tue, Thu, Sun","monday":0,"tuesday":1,"wednesday":0,"thursday":1,"friday":0,"saturday":0,"sunday":1,"start_date":"2023-12-10T00:00:00.000Z","end_date":"2024-12-14T00:00:00.000Z"},"2024/07/07-2024/09/21: Tue, Fri, Sun":{"service_id":"2024/07/07-2024/09/21: Tue, Fri, Sun","monday":0,"tuesday":1,"wednesday":0,"thursday":0,"friday":1,"saturday":0,"sunday":1,"start_date":"2024-06-07T00:00:00.000Z","end_date":"2024-09-21T00:00:00.000Z"},"Thu, Sat":{"service_id":"Thu, Sat","monday":1,"tuesday":0,"wednesday":1,"thursday":0,"friday":0,"saturday":0,"sunday":0,"start_date":"2023-12-10T00:00:00.000Z","end_date":"2024-12-14T00:00:00.000Z"},"2023/12/22-2024/03/28: Fri":{"service_id":"2023/12/22-2024/03/28: Fri","monday":0,"tuesday":0,"wednesday":0,"thursday":0,"friday":1,"saturday":0,"sunday":0,"start_date":"2023-12-22T00:00:00.000Z","end_date":"2025-03-28T00:00:00.000Z"},"Fri, Sat":{"service_id":"Fri, Sat","monday":0,"tuesday":0,"wednesday":0,"thursday":0,"friday":1,"saturday":1,"sunday":0,"start_date":"2023-12-10T00:00:00.000Z","end_date":"2024-12-14T00:00:00.000Z"},"2023/12/30- 2024/03/30: Sat":{"service_id":"2023/12/30- 2024/03/30: Sat","monday":0,"tuesday":0,"wednesday":0,"thursday":0,"friday":0,"saturday":1,"sunday":0,"start_date":"2023-12-30T00:00:00.000Z","end_date":"2024-03-30T00:00:00.000Z"},"2024: Tue, Thu, Sat, Sun":{"service_id":"2024: Tue, Thu, Sat, Sun","monday":0,"tuesday":1,"wednesday":0,"thursday":1,"friday":0,"saturday":1,"sunday":1,"start_date":"2023-12-30T00:00:00.000Z","end_date":"2024-03-30T00:00:00.000Z"},"2024: 3-4 times per week":{"service_id":"2024: 3-4 times per week","monday":1,"tuesday":1,"wednesday":1,"thursday":1,"friday":1,"saturday":1,"sunday":1,"start_date":"2023-12-30T00:00:00.000Z","end_date":"2024-03-30T00:00:00.000Z"},"2024: every 2nd day":{"service_id":"2024: every 2nd day","monday":0.5,"tuesday":0.5,"wednesday":0.5,"thursday":0.5,"friday":0.5,"saturday":0.5,"sunday":0.5,"start_date":"2023-12-30T00:00:00.000Z","end_date":"2024-03-30T00:00:00.000Z"},"Sat, Sun":{"service_id":"Sat, Sun","monday":0,"tuesday":0,"wednesday":0,"thursday":0,"friday":0,"saturday":1,"sunday":1,"start_date":"2023-12-10T00:00:00.000Z","end_date":"2024-12-14T00:00:00.000Z"},"Fri, Sun (daily in holidays in région C)":{"service_id":"Fri, Sun (daily in holidays in région C)","monday":0,"tuesday":0,"wednesday":0,"thursday":0,"friday":1,"saturday":0,"sunday":1,"start_date":"2023-12-10T00:00:00.000Z","end_date":"2024-12-14T00:00:00.000Z"},"Sun (Oct-Jun)":{"service_id":"Sun (Oct-Jun)","monday":1,"tuesday":0,"wednesday":0,"thursday":0,"friday":0,"saturday":0,"sunday":1,"start_date":"2023-10-01T00:00:00.000Z","end_date":"2024-06-12T00:00:00.000Z"},"Fri (May-Oct)":{"service_id":"Fri (May-Oct)","monday":0,"tuesday":0,"wednesday":0,"thursday":0,"friday":1,"saturday":0,"sunday":0,"start_date":20240508,"end_date":20241019},"Fri (Sep-Jun)":{"service_id":"Fri (Sep-Jun)","monday":0,"tuesday":0,"wednesday":0,"thursday":1,"friday":1,"saturday":0,"sunday":0,"start_date":"2023-10-06T00:00:00.000Z","end_date":"2024-06-17T00:00:00.000Z"},"Daily (Jul-Aug)":{"service_id":"Daily (Jul-Aug)","monday":1,"tuesday":1,"wednesday":1,"thursday":1,"friday":1,"saturday":1,"sunday":1,"start_date":20240629,"end_date":20240831},"Daily (May-Sep)":{"service_id":"Daily (May-Sep)","monday":1,"tuesday":1,"wednesday":1,"thursday":1,"friday":1,"saturday":1,"sunday":1,"start_date":20240501,"end_date":20240930},"2023/12/16-2024/04/27: Wed, Sat":{"service_id":"2023/12/16-2024/04/27: Wed, Sat","monday":0,"tuesday":0,"wednesday":1,"thursday":0,"friday":0,"saturday":1,"sunday":0,"start_date":"2023-12-16T00:00:00.000Z","end_date":"2025-04-26T00:00:00.000Z"},"Wed, Fri, Sat":{"service_id":"Wed, Fri, Sat","monday":0,"tuesday":0,"wednesday":1,"thursday":0,"friday":1,"saturday":1,"sunday":0,"start_date":"2023-12-10T00:00:00.000Z","end_date":"2024-12-14T00:00:00.000Z"},"Thu, Sat, Sun":{"service_id":"Thu, Sat, Sun","monday":0,"tuesday":0,"wednesday":0,"thursday":1,"friday":0,"saturday":1,"sunday":1,"start_date":"2023-12-10T00:00:00.000Z","end_date":"2024-12-14T00:00:00.000Z"},"2023/12/17-2024/04/27: Thu, Sun":{"service_id":"2023/12/17-2024/04/27: Thu, Sun","monday":0,"tuesday":0,"wednesday":0,"thursday":1,"friday":0,"saturday":0,"sunday":1,"start_date":"2023-12-17T00:00:00.000Z","end_date":"2025-04-27T00:00:00.000Z"},"Wed, Sat":{"service_id":"Wed, Sat","monday":0,"tuesday":0,"wednesday":1,"thursday":0,"friday":0,"saturday":1,"sunday":0,"start_date":"2023-12-10T00:00:00.000Z","end_date":"2024-12-14T00:00:00.000Z"},"Mon, Thu, Sat":{"service_id":"Mon, Thu, Sat","monday":1,"tuesday":0,"wednesday":0,"thursday":1,"friday":0,"saturday":1,"sunday":0,"start_date":"2023-12-10T00:00:00.000Z","end_date":"2024-12-14T00:00:00.000Z"},"Wed, Fri, Sun":{"service_id":"Wed, Fri, Sun","monday":0,"tuesday":0,"wednesday":1,"thursday":0,"friday":1,"saturday":0,"sunday":1,"start_date":"2023-12-10T00:00:00.000Z","end_date":"2024-12-14T00:00:00.000Z"},"2024: Wed, Sat, Sun (every 2nd week)":{"service_id":"2024: Wed, Sat, Sun (every 2nd week)","monday":0,"tuesday":0,"wednesday":0.5,"thursday":0,"friday":0,"saturday":0.5,"sunday":0.5,"start_date":"2024-05-03T00:00:00.000Z","end_date":""},"2024: Mon, Wed, Thu (every 2nd week)":{"service_id":"2024: Mon, Wed, Thu (every 2nd week)","monday":0.5,"tuesday":0,"wednesday":0,"thursday":0.5,"friday":0.5,"saturday":0,"sunday":0,"start_date":"2024-05-08T00:00:00.000Z","end_date":""},"Fri":{"service_id":"Fri","monday":0,"tuesday":0,"wednesday":0,"thursday":0,"friday":1,"saturday":0,"sunday":0,"start_date":"2023-12-10T00:00:00.000Z","end_date":"2024-12-14T00:00:00.000Z"},"Fri, Sun":{"service_id":"Fri, Sun","monday":0,"tuesday":0,"wednesday":0,"thursday":0,"friday":1,"saturday":0,"sunday":1,"start_date":"2023-12-10T00:00:00.000Z","end_date":"2024-12-14T00:00:00.000Z"},"2023/12/23-2024/03/29: Sat":{"service_id":"2023/12/23-2024/03/29: Sat","monday":0,"tuesday":0,"wednesday":0,"thursday":0,"friday":0,"saturday":1,"sunday":0,"start_date":"2023-12-23T00:00:00.000Z","end_date":"2025-03-29T00:00:00.000Z"},"Sun":{"service_id":"Sun","monday":0,"tuesday":0,"wednesday":0,"thursday":0,"friday":0,"saturday":0,"sunday":1,"start_date":"2023-12-10T00:00:00.000Z","end_date":"2024-12-14T00:00:00.000Z"},"2024/06/05-2024/10/05: Daily":{"service_id":"2024/06/05-2024/10/05: Daily","monday":1,"tuesday":1,"wednesday":1,"thursday":1,"friday":1,"saturday":1,"sunday":1,"start_date":"2024-06-05T00:00:00.000Z","end_date":"2024-10-05T00:00:00.000Z"},"2024/06/14-2024/09/07: Daily":{"service_id":"2024/06/14-2024/09/07: Daily","monday":1,"tuesday":1,"wednesday":1,"thursday":1,"friday":1,"saturday":1,"sunday":1,"start_date":20240614,"end_date":20240907},"2024/06/15-2024/09/08: Daily":{"service_id":"2024/06/15-2024/09/08: Daily","monday":1,"tuesday":1,"wednesday":1,"thursday":1,"friday":1,"saturday":1,"sunday":1,"start_date":20240615,"end_date":20240908},"2024/06/22-2024/09/01: Daily":{"service_id":"2024/06/22-2024/09/01: Daily","monday":1,"tuesday":1,"wednesday":1,"thursday":1,"friday":1,"saturday":1,"sunday":1,"start_date":"2024-06-22T00:00:00.000Z","end_date":"2024-09-01T00:00:00.000Z"},"2024/06/29-2024/09/07: Daily":{"service_id":"2024/06/29-2024/09/07: Daily","monday":1,"tuesday":1,"wednesday":1,"thursday":1,"friday":1,"saturday":1,"sunday":1,"start_date":"2024-06-29T00:00:00.000Z","end_date":"2024-09-07T00:00:00.000Z"},"2024/05/03-2024/10/02: Wed, Fri, Sun":{"service_id":"2024/05/03-2024/10/02: Wed, Fri, Sun","monday":0,"tuesday":0,"wednesday":1,"thursday":0,"friday":1,"saturday":0,"sunday":1,"start_date":"2024-05-03T00:00:00.000Z","end_date":"2024-10-02T00:00:00.000Z"},"2024/05/04-2024/10/03: Mon, Thu, Sat":{"service_id":"2024/05/04-2024/10/03: Mon, Thu, Sat","monday":1,"tuesday":0,"wednesday":0,"thursday":1,"friday":0,"saturday":1,"sunday":0,"start_date":"2024-05-04T00:00:00.000Z","end_date":"2024-10-03T00:00:00.000Z"},"-- 2025 --":{"service_id":"-- 2025 --","monday":"","tuesday":"","wednesday":"","thursday":"","friday":"","saturday":"","sunday":"","start_date":"","end_date":""},"2025: Daily":{"service_id":"2025: Daily","monday":1,"tuesday":1,"wednesday":1,"thursday":1,"friday":1,"saturday":1,"sunday":1,"start_date":"2024-12-15T00:00:00.000Z","end_date":"2025-12-13T00:00:00.000Z"},"2025: Mon, Wed, Thu":{"service_id":"2025: Mon, Wed, Thu","monday":1,"tuesday":0,"wednesday":1,"thursday":1,"friday":0,"saturday":0,"sunday":0,"start_date":"2024-12-15T00:00:00.000Z","end_date":"2025-12-13T00:00:00.000Z"},"2025: Mon, Wed, Fri":{"service_id":"2025: Mon, Wed, Fri","monday":1,"tuesday":0,"wednesday":1,"thursday":0,"friday":1,"saturday":0,"sunday":0,"start_date":"2024-12-15T00:00:00.000Z","end_date":"2025-12-13T00:00:00.000Z"},"2025: Mon, Thu, Sat":{"service_id":"2025: Mon, Thu, Sat","monday":1,"tuesday":0,"wednesday":0,"thursday":1,"friday":0,"saturday":1,"sunday":0,"start_date":"2024-12-15T00:00:00.000Z","end_date":"2025-12-13T00:00:00.000Z"},"2025: Tue, Thu, Sat":{"service_id":"2025: Tue, Thu, Sat","monday":0,"tuesday":1,"wednesday":0,"thursday":1,"friday":0,"saturday":1,"sunday":0,"start_date":"2024-12-15T00:00:00.000Z","end_date":"2025-12-13T00:00:00.000Z"},"2025: Tue, Thu, Sun":{"service_id":"2025: Tue, Thu, Sun","monday":0,"tuesday":1,"wednesday":0,"thursday":1,"friday":0,"saturday":0,"sunday":1,"start_date":"2024-12-15T00:00:00.000Z","end_date":"2025-12-13T00:00:00.000Z"},"2025: Wed, Fri, Sat":{"service_id":"2025: Wed, Fri, Sat","monday":0,"tuesday":0,"wednesday":1,"thursday":0,"friday":1,"saturday":1,"sunday":0,"start_date":"2024-12-15T00:00:00.000Z","end_date":"2025-12-13T00:00:00.000Z"},"2025: Wed, Fri, Sun":{"service_id":"2025: Wed, Fri, Sun","monday":0,"tuesday":0,"wednesday":1,"thursday":0,"friday":1,"saturday":0,"sunday":1,"start_date":"2024-12-15T00:00:00.000Z","end_date":"2025-12-13T00:00:00.000Z"},"2025: Wed, Sat":{"service_id":"2025: Wed, Sat","monday":0,"tuesday":0,"wednesday":1,"thursday":0,"friday":0,"saturday":1,"sunday":0,"start_date":"2024-12-15T00:00:00.000Z","end_date":"2025-12-13T00:00:00.000Z"},"2025: Wed, Sat, Sun":{"service_id":"2025: Wed, Sat, Sun","monday":0,"tuesday":0,"wednesday":1,"thursday":0,"friday":0,"saturday":1,"sunday":1,"start_date":"2024-12-15T00:00:00.000Z","end_date":"2025-12-13T00:00:00.000Z"},"2025: Thu, Sat, Sun":{"service_id":"2025: Thu, Sat, Sun","monday":0,"tuesday":0,"wednesday":0,"thursday":1,"friday":0,"saturday":1,"sunday":1,"start_date":"2024-12-15T00:00:00.000Z","end_date":"2025-12-13T00:00:00.000Z"},"2025: Thu, Sun":{"service_id":"2025: Thu, Sun","monday":0,"tuesday":0,"wednesday":0,"thursday":1,"friday":0,"saturday":0,"sunday":1,"start_date":"2024-12-15T00:00:00.000Z","end_date":"2025-12-13T00:00:00.000Z"},"2025: Fri":{"service_id":"2025: Fri","monday":0,"tuesday":0,"wednesday":0,"thursday":0,"friday":1,"saturday":0,"sunday":0,"start_date":"2024-12-15T00:00:00.000Z","end_date":"2025-12-13T00:00:00.000Z"},"2025: Fri, Sat":{"service_id":"2025: Fri, Sat","monday":0,"tuesday":0,"wednesday":0,"thursday":0,"friday":1,"saturday":1,"sunday":0,"start_date":"2024-12-15T00:00:00.000Z","end_date":"2025-12-13T00:00:00.000Z"},"2025: Fri, Sun":{"service_id":"2025: Fri, Sun","monday":0,"tuesday":0,"wednesday":0,"thursday":0,"friday":1,"saturday":0,"sunday":1,"start_date":"2024-12-15T00:00:00.000Z","end_date":"2025-12-13T00:00:00.000Z"},"2025: Sat, Sun":{"service_id":"2025: Sat, Sun","monday":0,"tuesday":0,"wednesday":0,"thursday":0,"friday":0,"saturday":1,"sunday":1,"start_date":"2024-12-15T00:00:00.000Z","end_date":"2025-12-13T00:00:00.000Z"},"2025: Sun":{"service_id":"2025: Sun","monday":0,"tuesday":0,"wednesday":0,"thursday":0,"friday":0,"saturday":0,"sunday":1,"start_date":"2024-12-15T00:00:00.000Z","end_date":"2025-12-13T00:00:00.000Z"},"2025/05-09: Daily":{"service_id":"2025/05-09: Daily","monday":1,"tuesday":1,"wednesday":1,"thursday":1,"friday":1,"saturday":1,"sunday":1,"start_date":"2025-05-01T00:00:00.000Z","end_date":"2025-09-30T00:00:00.000Z"},"2024/10-2025/06: Fri":{"service_id":"2024/10-2025/06: Fri","monday":0,"tuesday":0,"wednesday":0,"thursday":0,"friday":1,"saturday":0,"sunday":0,"start_date":"2024-10-01T00:00:00.000Z","end_date":"2025-06-30T00:00:00.000Z"},"2024/10-2025/06: Sun":{"service_id":"2024/10-2025/06: Sun","monday":0,"tuesday":0,"wednesday":0,"thursday":0,"friday":0,"saturday":0,"sunday":1,"start_date":"2024-10-01T00:00:00.000Z","end_date":"2025-06-30T00:00:00.000Z"},"2025/06/25-09/27: Wed, Sat":{"service_id":"2025/06/25-09/27: Wed, Sat","monday":0,"tuesday":0,"wednesday":1,"thursday":0,"friday":0,"saturday":1,"sunday":0,"start_date":20250625,"end_date":20250927},"2025/06/26-09/28: Thu, Sun":{"service_id":"2025/06/26-09/28: Thu, Sun","monday":0,"tuesday":0,"wednesday":0,"thursday":1,"friday":0,"saturday":0,"sunday":1,"start_date":20250626,"end_date":20250928},"-- 2026 -- ":{"service_id":"-- 2026 -- ","monday":"","tuesday":"","wednesday":"","thursday":"","friday":"","saturday":"","sunday":"","start_date":"","end_date":""},"2026: Daily":{"service_id":"2026: Daily","monday":1,"tuesday":1,"wednesday":1,"thursday":1,"friday":1,"saturday":1,"sunday":1,"start_date":"2025-12-14T00:00:00.000Z","end_date":"2026-12-13T00:00:00.000Z"},"2026: Daily, except Saturday":{"service_id":"2026: Daily, except Saturday","monday":1,"tuesday":1,"wednesday":1,"thursday":1,"friday":1,"saturday":0,"sunday":1,"start_date":"2025-12-14T00:00:00.000Z","end_date":"2026-12-13T00:00:00.000Z"},"2026: Mon, Wed, Thu":{"service_id":"2026: Mon, Wed, Thu","monday":1,"tuesday":0,"wednesday":1,"thursday":1,"friday":0,"saturday":0,"sunday":0,"start_date":"2025-12-14T00:00:00.000Z","end_date":"2026-12-13T00:00:00.000Z"},"2026: Mon, Wed, Fri":{"service_id":"2026: Mon, Wed, Fri","monday":1,"tuesday":0,"wednesday":1,"thursday":0,"friday":1,"saturday":0,"sunday":0,"start_date":"2025-12-14T00:00:00.000Z","end_date":"2026-12-13T00:00:00.000Z"},"2026: Mon, Thu, Sat":{"service_id":"2026: Mon, Thu, Sat","monday":1,"tuesday":0,"wednesday":0,"thursday":1,"friday":0,"saturday":1,"sunday":0,"start_date":"2025-12-14T00:00:00.000Z","end_date":"2026-12-13T00:00:00.000Z"},"2026: Tue, Thu, Sat":{"service_id":"2026: Tue, Thu, Sat","monday":0,"tuesday":1,"wednesday":0,"thursday":1,"friday":0,"saturday":1,"sunday":0,"start_date":"2025-12-14T00:00:00.000Z","end_date":"2026-12-13T00:00:00.000Z"},"2026: Tue, Thu, Sun":{"service_id":"2026: Tue, Thu, Sun","monday":0,"tuesday":1,"wednesday":0,"thursday":1,"friday":0,"saturday":0,"sunday":1,"start_date":"2025-12-14T00:00:00.000Z","end_date":"2026-12-13T00:00:00.000Z"},"2026: Wed, Fri, Sat":{"service_id":"2026: Wed, Fri, Sat","monday":0,"tuesday":0,"wednesday":1,"thursday":0,"friday":1,"saturday":1,"sunday":0,"start_date":"2025-12-14T00:00:00.000Z","end_date":"2026-12-13T00:00:00.000Z"},"2026: Wed, Fri, Sun":{"service_id":"2026: Wed, Fri, Sun","monday":0,"tuesday":0,"wednesday":1,"thursday":0,"friday":1,"saturday":0,"sunday":1,"start_date":"2025-12-14T00:00:00.000Z","end_date":"2026-12-13T00:00:00.000Z"},"2026: Wed, Sat":{"service_id":"2026: Wed, Sat","monday":0,"tuesday":0,"wednesday":1,"thursday":0,"friday":0,"saturday":1,"sunday":0,"start_date":"2025-12-14T00:00:00.000Z","end_date":"2026-12-13T00:00:00.000Z"},"2026: Wed, Sat, Sun":{"service_id":"2026: Wed, Sat, Sun","monday":0,"tuesday":0,"wednesday":1,"thursday":0,"friday":0,"saturday":1,"sunday":1,"start_date":"2025-12-14T00:00:00.000Z","end_date":"2026-12-13T00:00:00.000Z"},"2026: Thu, Sat, Sun":{"service_id":"2026: Thu, Sat, Sun","monday":0,"tuesday":0,"wednesday":0,"thursday":1,"friday":0,"saturday":1,"sunday":2,"start_date":"2025-12-14T00:00:00.000Z","end_date":"2026-12-13T00:00:00.000Z"},"2026: Thu, Sun":{"service_id":"2026: Thu, Sun","monday":0,"tuesday":0,"wednesday":0,"thursday":1,"friday":0,"saturday":0,"sunday":1,"start_date":"2025-12-14T00:00:00.000Z","end_date":"2026-12-13T00:00:00.000Z"},"2026: Fri":{"service_id":"2026: Fri","monday":0,"tuesday":0,"wednesday":0,"thursday":0,"friday":1,"saturday":0,"sunday":0,"start_date":"2025-12-14T00:00:00.000Z","end_date":"2026-12-13T00:00:00.000Z"},"2026: Fri, Sat":{"service_id":"2026: Fri, Sat","monday":0,"tuesday":0,"wednesday":0,"thursday":0,"friday":1,"saturday":1,"sunday":0,"start_date":"2025-12-14T00:00:00.000Z","end_date":"2026-12-13T00:00:00.000Z"},"2026: Fri, Sun":{"service_id":"2026: Fri, Sun","monday":0,"tuesday":0,"wednesday":0,"thursday":0,"friday":1,"saturday":0,"sunday":1,"start_date":"2025-12-14T00:00:00.000Z","end_date":"2026-12-13T00:00:00.000Z"},"2026: Sat, Sun":{"service_id":"2026: Sat, Sun","monday":0,"tuesday":0,"wednesday":0,"thursday":0,"friday":0,"saturday":1,"sunday":1,"start_date":"2025-12-14T00:00:00.000Z","end_date":"2026-12-13T00:00:00.000Z"},"2026: Sun":{"service_id":"2026: Sun","monday":0,"tuesday":0,"wednesday":0,"thursday":0,"friday":0,"saturday":0,"sunday":1,"start_date":"2025-12-14T00:00:00.000Z","end_date":"2026-12-13T00:00:00.000Z"},"2026/05-09: Daily":{"service_id":"2026/05-09: Daily","monday":1,"tuesday":1,"wednesday":1,"thursday":1,"friday":1,"saturday":1,"sunday":1,"start_date":"2025-05-01T00:00:00.000Z","end_date":"2026-09-30T00:00:00.000Z"},"2026/06-2026/10: Fri":{"service_id":"2026/06-2026/10: Fri","monday":0,"tuesday":0,"wednesday":0,"thursday":0,"friday":1,"saturday":0,"sunday":0,"start_date":"2025-06-01T00:00:00.000Z","end_date":"2026-10-31T00:00:00.000Z"},"2026/06-2026/10: Sun":{"service_id":"2026/06-2026/10: Sun","monday":0,"tuesday":0,"wednesday":0,"thursday":0,"friday":0,"saturday":0,"sunday":1,"start_date":"2025-06-01T00:00:00.000Z","end_date":"2026-10-31T00:00:00.000Z"},"2026/06/25-09/27: Wed, Sat":{"service_id":"2026/06/25-09/27: Wed, Sat","monday":0,"tuesday":0,"wednesday":1,"thursday":0,"friday":0,"saturday":1,"sunday":0,"start_date":"2025-06-25T00:00:00.000Z","end_date":"2026-09-27T00:00:00.000Z"},"2026/06/26-09/28: Thu, Sun":{"service_id":"2026/06/26-09/28: Thu, Sun","monday":0,"tuesday":0,"wednesday":0,"thursday":1,"friday":0,"saturday":0,"sunday":1,"start_date":"2025-06-25T00:00:00.000Z","end_date":"2026-09-27T00:00:00.000Z"},"2026/06/11-09/06: Daily":{"service_id":"2026/06/11-09/06: Daily","monday":1,"tuesday":1,"wednesday":1,"thursday":1,"friday":1,"saturday":1,"sunday":1,"start_date":20260611,"end_date":20260906},"Unknown":{"service_id":"Unknown","monday":"","tuesday":"","wednesday":"","thursday":"","friday":"","saturday":"","sunday":"","start_date":"","end_date":""}}